name,count,ring,quadrant,isNew,description
TypeScript,10,Adopt,languages-and-frameworks,FALSE,"TypeScriptは、JavaScriptに静的型付けを導入することで、開発時のバグ検出を容易にしつつ、生産性と保守性の向上を図るプログラミング言語です。設計時の型検証により大規模開発に適しており、エディタ内での補完やリファクタリングが強化されます。

プロジェクトでの利用状況
Webアプリケーションのフロントエンドおよびバックエンドの両面で採用され、堅牢なコードベースの構築を実現しています。さらに、AWS CDKやLambdaとの連携、サーバーとクライアント両方での実装など、さまざまな現場での利用実績があり、複雑なシステムやクラウド環境とも相性が良い言語として評価されています。"
Miro,9,Adopt,Tools,FALSE,"Miroはオンラインホワイトボードツールで、チームが遠隔地からも迅速にアイディアを出し合い、議論や検討を行える環境を提供します。直感的なUIと豊富なテンプレートにより、ブレインストーミング、プロジェクト計画、デザイン思考、画面イメージ作成、タスク管理など多岐に渡る用途に対応し、視覚的な情報共有が可能です。

プロジェクトでの利用状況
AWS構成図作成、ふりかえり、ワークショップ、Scrumイベント、フェス、仕様まとめなど、様々なコミュニケーション手段として活用されています。"
Node.js,8,Adopt,languages-and-frameworks,FALSE,"Node.jsはサーバーサイド向けJavaScript実行環境で、非同期I/Oにより高いパフォーマンスを実現し、npmの豊富なモジュール群を活用して迅速な開発を支援します。軽量かつシングルスレッドで処理を行うため、リアルタイム通信やマイクロサービス、RESTful APIの構築に最適です。

プロジェクトでの利用状況
AWS Lambda上でバックエンドのランタイムとして利用、開発環境や実行環境として採用、フロントエンドツールとの連携やパッケージ管理、サーバーサイド処理の実装など、幅広いシーンで活用されています。"
Visual Studio Code,8,Adopt,Tools,FALSE,"Visual Studio CodeはMicrosoftが提供するオープンソースのコードエディタで、複数のプラットフォームに対応し、多彩な言語やフレームワークへのサポートが充実しています。直感的なUIと豊富な拡張機能により、コーディングやデバッグ、バージョン管理などを一本化して行うことが可能です。

プロジェクトでの利用状況
複数の開発チームが共通のコード編集環境として採用しており、Dev Containerを活用した統一環境の構築、言語ごとの専用拡張機能の導入などを実施。フロントエンド、バックエンド、モバイルアプリケーションなど、幅広い分野で効率的な開発支援ツールとして利用されています。"
Jira,8,Adopt,Tools,FALSE,"Jiraはアジャイル開発に適した課題管理ツールで、タスクやバグ、機能要求などの細かな作業の進捗を可視化・共有できる仕組みを提供します。ワークフローのカスタマイズ性とダッシュボードで状況を一目で把握できるため、プロジェクト毎の要件定義からテスト、リリースまでの全工程を統合的に管理できます。

プロジェクトでの利用状況
PBIやスプリント中のバックログ、チケット管理およびリリースに向けた進捗確認などに利用され、次リリースまでの未実装部分の洗い出しや実装完了基準の判断に役立っています。"
Confluence,8,Adopt,Tools,FALSE,"Confluenceは企業向けの統合ドキュメント管理・情報共有ツールで、プロジェクトの知識やナレッジを体系的に整理・共有するために活用されます。チーム全体での情報の蓄積・更新が容易となり、最新の状態でのドキュメント管理が実現できます。

プロジェクトでの利用状況
各プロジェクトで設計書、議事録、個人メモなどの各種ドキュメントを一元管理するほか、Wikiとして業務情報やナレッジ、カレンダー機能でチームメンバーのスケジュールを共有し、デイリースクラムの際に最新情報を確認するためのツールとして導入されています。"
Figma,7,Adopt,Tools,FALSE,"FigmaはクラウドベースのUI/UXデザインツールで、直感的なインターフェースとリアルタイム共同編集機能が特徴です。アイコンやインターフェースのプロトタイピング、モックアップ作成に優れ、効率的なデザインレビューとバージョン管理が可能です。

プロジェクトでの利用状況
FigmaはWebアプリケーションのUIデザイン、画面設計、デザイン共有で活用され、コンポーネントのCSS抽出とTailwindへの変換、デザイン定義の管理やデザイナー間のコミュニケーション促進に寄与しています。"
Microsoft Teams,7,Assess,Tools,FALSE,"Microsoft Teamsはチャット、ビデオ会議、ファイル共有、タスク管理などの機能を備えた統合コミュニケーションプラットフォームで、遠隔勤務や多拠点のコラボレーションを円滑に進め、業務効率の向上をサポートします。

プロジェクトでの利用状況
ある現場では、テキストコミュニケーションの主軸として利用され、アプリケーションのエラー発生時はAmazon CloudWatchからのアラームが専用チャネルで通知される仕組みを導入しています。また、顧客との連絡手段やMTGの予定管理、ファイル共有により、Slackの代替として幅広い用途で採用されています。"
vitest,7,Adopt,languages-and-frameworks,FALSE,"vitestはViteと連携した高速なテスト実行を実現するユニットテストフレームワークです。シンプルな構文と迅速な起動、モダンな環境との親和性が魅力で、Jest互換の機能も備えています。

プロジェクトでの利用状況: フロントエンド、バックエンド双方の単体テスト環境として採用され、Reactを用いたUIテストではTesting Libraryと連携して利用されています。また、従来のJest環境からの移行や、バックエンドのテスト用としても実績があり、各現場で広く活用されています。"
Slack,7,Adopt,Tools,FALSE,"Slackはリアルタイムのチャット・コミュニケーションツールで、テキストチャット、ファイル共有、ビデオ通話など多機能な連絡手段を提供し、チーム内外の協働を支援します。

プロジェクトでの利用状況
顧客とのコミュニケーションやチーム内の議論、ファイル共有、各種ツール（Jira、GitHub、GitLab等）との連携によるCI結果や通知の受取、社内情報の迅速な共有を実現しており、柔軟なコミュニケーション環境の整備に寄与しています。"
AWS Lambda,6,Adopt,Platforms,FALSE,"AWS Lambdaは、イベント駆動型のサーバーレスコンピューティングサービスで、専用サーバーの管理を不要にし、コードを自動的にスケールさせながら実行できるため、開発や運用の負荷を軽減します。シンプルな設定で短時間に実装可能な点が魅力であり、マイクロサービス化やバッチ処理、APIバックエンドの処理、さらには認証など、さまざまな処理ロジックをイベントに応じて実行できます。

プロジェクトでの利用状況として、Webアプリケーションのバックエンド処理、StepFunctionsとの連携でJSONataで処理しきれないロジックの実行、アプリ実行環境やバッチ処理、認証処理など多岐にわたる用途で採用されています。"
React,6,Adopt,languages-and-frameworks,FALSE,"ReactはFacebookが開発したUI構築用のJavaScriptライブラリで、コンポーネントベースの設計と仮想DOMによる高速レンダリングが特徴です。再利用性や保守性に優れており、シンプルなUIから複雑なアプリケーションまで幅広く対応できます。

プロジェクトでの利用状況
フロントエンドのUI構築、ReactNativeによるモバイルアプリ開発、管理用Webアプリやエンドユーザー向けアプリの実装など、各チームの経験と開発効率向上を目的として採用されています。"
ESLint,6,Adopt,Tools,FALSE,"ESLintはJavaScriptおよびTypeScriptのコード品質向上やバグ早期発見を目的とした静的解析ツールです。各プラグインを組み合わせることで、特定のフレームワーク向けのルール設定やコーディングスタイルの統一が可能となります。

プロジェクトでの利用状況
開発経験の浅いメンバーが多い現場では、eslint-plugin-react-hooksやtypescript-eslintといった基本ルールを採用し、厳しすぎないチェックにより不具合の早期発見と学習効果を両立。Nodeのバージョンに合わせた適切な設定が行われ、Lintツールとして広範に活用されています。"
Amazon DynamoDB,5,Adopt,Platforms,FALSE,"Amazon DynamoDBは、完全マネージド型のNoSQLデータベースサービスとして、高速なパフォーマンスとシームレスなスケールアウトを実現します。従量課金制により大量データや高トラフィックにも柔軟に対応し、低レイテンシーな処理が行えるため、リアルタイム性が求められるアプリケーションに最適です。

プロジェクトでの利用状況
Webアプリケーションのデータベースとして、Amplify Gen2で定義したGraphQL APIのスキーマから自動生成されたテーブルを利用する事例や、各種アプリで発生したデータの保存先および同期先として採用されるケースがあり、開発効率や運用負荷の軽減に寄与しています。"
Python,5,Apopt,languages-and-frameworks,FALSE,"Pythonは、シンプルな文法と豊富なライブラリにより、初心者から上級者まで幅広く支持される高水準プログラミング言語です。Web開発、データ解析、機械学習、スクリプト作成など多岐にわたる用途で利用され、開発効率の向上が期待されます。

プロジェクトでの利用状況
バックエンドの実装、AWS Lambda上での音声処理、生成AIのシステム実装、VertexAI連携のトライアルなど、多様な現場で柔軟な運用がなされ実績を積んでいます。"
依存ライブラリの更新,5,Adopt,Techniques,FALSE,"依存ライブラリの更新は、外部ライブラリの最新バージョンへの更新確認と適用を行うプロセスで、セキュリティ対策や機能改善を目的としています。

プロジェクトでの利用状況
各チームはDependabotやrenovateなどのツールを用い、Jiraに更新チケットを登録してスプリント毎や月次で定期的なチェックを実施。短い更新周期により、一度に大量の変更が生じるのを防ぎ、ビルドやテストの不具合発生を抑制しながら確実に対応しています。"
playwright,5,Adopt,languages-and-frameworks,FALSE,"Playwrightは、モダンなWebアプリケーションのE2Eテスト自動化ツールで、クロスブラウザ対応や操作の並列実行が可能な点が特徴です。シンプルなAPIにより、UIの動作確認やシナリオテストを容易に記述でき、品質管理と開発効率の向上に寄与します。

プロジェクトでの利用状況 現場では、E2Eテストの実装やGitHub Actionsでの自動実行、testing library経由での採用、e2eテスト実行、フロントエンド検証など多様な用途で活用されています。"
GitHub Actions,5,Adopt,Platforms,FALSE,"GitHub ActionsはGitHub上で自動化ワークフローを実行できる仕組みで、CI/CDパイプラインの構築やコード品質管理、定型処理など多岐にわたる自動化が実現可能です。

プロジェクトでの利用状況
Pull Request作成・更新時にビルド、Lint、テストを自動実行し、タイトルやコミットメッセージの規約チェックを実施するほか、タグ作成をトリガーにアプリのテスト配信やバックエンドのデプロイ、リリースパッケージ作成、E2Eテストなどの多様なタスクに活用されています。"
CI/CD,5,Adopt,Techniques,FALSE,"CI/CDはソフトウェア開発において、コードの変更を自動的にビルド・テスト・デプロイする仕組みを指し、開発サイクルの高速化と品質の向上を実現します。

プロジェクトでの利用状況
GitHubを活用したプロジェクトでは、GitHub Actionsが採用され、GitHub上の各種イベント（pushやPR時など）に連動して自動テストやデプロイを実施しています。CircleCIやGitLab CIといった他のSaaSも選択肢にあり、対象のプラットフォームや実行環境、セルフホステッドランナーの利用可否などの観点から、各プロジェクトは最適なCI/CDツールを採用しています。"
npm,5,Adopt,languages-and-frameworks,FALSE,"npmはJavaScriptやNode.js向けのパッケージ管理ツールで、ライブラリのインストール、更新、依存関係の管理、公開などを簡易化し、開発プロセスの効率化に寄与します。プロジェクトでの利用状況
パッケージ管理全般に用いられ、フロントエンドの依存関係管理としても採用されています。別の候補（yarnなど）も検討された事例があるものの、最終的にnpmが選択され、安定した開発環境の維持に貢献しています。"
Vue,5,Adopt,languages-and-frameworks,FALSE,"Vueはシンプルで柔軟なJavaScriptフレームワークで、宣言的レンダリングとコンポーネント指向設計により、再利用性の高いインターフェース開発を実現します。CLIツールとの連携で迅速な開発が可能となり、状態管理やルーティングの仕組みも充実。豊富なエコシステムにより、単一ページアプリケーションや複雑なUI構築に適しています。

プロジェクトでの利用状況
フロントエンドの主要フレームワークとして採用され、Webアプリの実装基盤、またエンドユーザー向けアプリの構築に活用されるなど、多岐にわたる現場で利用されています。"
Amazon S3,4,Adopt,Platforms,FALSE,"Amazon S3は、スケーラブルで高耐久なクラウドストレージサービスです。多様なデータ形式の保存、バックアップ、アーカイブに適しており、セキュリティやアクセス管理機能も充実。API経由で各種アプリケーションと容易に連携し、コスト効率に優れたストレージ環境を実現します。

プロジェクトでの利用状況
ユーザーがアップロードするメディアファイルの管理、固定マスターデータや帳票（PDF）の保管、ファイルサーバとしての運用、広範なファイル管理基盤として利用されています。"
prettier,4,Adopt,Tools,FALSE,"Prettierはコードの自動整形ツールで、設定されたルールに基づきソースコードを一貫したスタイルに整え、手動フォーマットの手間を削減します。各種言語に対応し、フォーマットに関する不一致を防止することで、コードレビューの効率化や保守性向上に寄与します。

プロジェクトでの利用状況
ESLintとの組み合わせやエディタ・CIとの連携を通じ、ソースコードのスタイル統一、コード整形の自動化に利用されています。"
Visual Studio LiveShare,4,Adopt,Tools,FALSE,"Visual Studio Live Shareは、開発者がリアルタイムにコードを共同編集し、ペアプロやモブプロを効率的に実施できるツールです。セッション中は同じ環境でのデバッグやコードレビューが可能となり、リモート環境での協働作業を促進します。

プロジェクトでの利用状況
Visual Studio Live Shareを使ってペアプロ、モブプロで開発しています。また、モバイルアプリ開発ではモバイルアプリの操作はホストとなった開発者が操作を担うようにして開発しています。バックエンド開発や議事録の共同編集にも活用されています。"
GitHub Copilot,4,Trial,Tools,FALSE,"GitHub Copilotは、AIを活用したコード補完ツールで、プログラミング中に適切なコードスニペットやテストコード、エラー修正のヒントをリアルタイムに提供します。

プロジェクトでの利用状況
コード補完やエラー発生時のヒント、テストコード自動生成により開発スピード向上を図りつつ、生成コードを適宜見直す運用を行っています。"
oVice,4,Assess,Tools,FALSE,"oViceはバーチャルオフィス環境を提供するツールで、ユーザーはアバターを通じて自由に移動し、実際のオフィスに近いコミュニケーションが可能です。

プロジェクトでの利用状況
音声・ビデオによる会議で全員が参加し、画面共有を使ったモブプロやペアプロ、スクラムイベントを実施。常時オンラインのバーチャルオフィスとして部門間の質問や連携を円滑にするなど、対面に近い体験を提供しています。"
GitHub,4,Adopt,Platforms,FALSE,"GitHubはソースコードのバージョン管理とリポジトリホスティングを提供するサービスです。Gitをベースに、プルリクエストを用いたコードレビュー、ブランチ運用、イシュー管理などで開発チームの協働を円滑にし、GitHub ActionsによるCI/CDで自動化を実現できます。

プロジェクトでの利用状況
ソースコードの一元管理、コードレビューや自動テスト、デプロイなどのパイプライン構築に活用されています。企業のセキュアな開発基盤として運用される一方、技術習得やプロトタイピング用に簡易なプロジェクトでの利用例も見受けられ、環境に応じた運用が行われています。"
pnpm,4,Adopt,Tools,FALSE,"pnpmは、Node.js向けの高速かつ効率的なパッケージマネージャーです。従来のnpmやyarnと比較して、キャッシュ機構によりディスク容量の節約と迅速な依存関係の解決を実現し、再現性の高い開発環境の構築が行えます。

プロジェクトでの利用状況
モノレポ構成のパッケージ管理、全体的なパッケージ管理、複数プロジェクトでの運用管理など、さまざまな現場で採用されています。yarnからの移行したプロジェクトもあります。"
Vite,3,Adopt,languages-and-frameworks,FALSE,"Viteは、最新のブラウザ標準とESモジュールを活用した高速なフロントエンドビルドツールです。シンプルな設定で起動でき、ホットモジュールリプレイスメントにより開発中の変更を瞬時に反映できるため、効率的な開発が実現されます。

プロジェクトでの利用状況
フロントエンドの環境作成や、動作確認（バックエンドはモック）など、現場では高速なビルドと即時フィードバックによるリードタイム短縮が評価され、開発の迅速化と安定性向上に寄与しています。"
Docker,3,Adopt,Platforms,FALSE,"Dockerは、アプリケーションとその依存関係をまとめた軽量なコンテナを作成・実行するためのプラットフォームです。環境ごとの差異を解消し、同一の動作環境を短時間で再現できるため、開発から本番運用までの一貫性を保ちます。

プロジェクトでの利用状況
開発用DBのコンテナ化やシステムの分離、CI/CDパイプラインへの組み込み、マイクロサービスアーキテクチャにおける各サービスの環境提供など、柔軟で効率的な開発および運用、迅速なデプロイを支える実例が多数存在します。"
GitLab,3,Adopt,Platforms,FALSE,"GitLabはGitを基盤とした統合型DevOpsプラットフォームで、ソフトウェア開発の一連の工程を一元化できるツールです。コードのバージョン管理はもちろん、コードレビュー、課題管理、マージリクエストなどを通じてチーム内での協働作業を円滑に進めます。また、CI/CD機能による自動テストやデプロイのパイプライン構築が可能なため、リリースサイクルの短縮や品質の向上に寄与します。

プロジェクトでの利用状況
セルフホスト環境で運用されるケースや、ソースコードの管理、レビュー、イシューやタスクの一元管理、カンバン方式の運用や継続的インテグレーション機能を活用し、効率的な開発フロー実現のために採用されています。"
Zoom,3,Adopt,Tools,FALSE,"Zoomはオンライン会議・ウェビナー専用ツールで、ビデオ通話、画面共有、チャットなど多彩な機能により、遠隔地間で円滑なコミュニケーションを実現します。会議中はリアルタイムな意見交換が可能なため、打ち合わせやワークショップ、定例ミーティングでの活用が進んでいます。

プロジェクトでの利用状況
オンラインでの全業務に利用され、メンバー間の迅速な連絡や情報共有、議論の活性化に寄与しています。特に、従来のチャットツールが整う前は、Zoom TeamChatが暫定的な連絡手段として採用され、開発および運用の現場において重要な役割を果たしていました。"
AWS CloudWatch,3,Adopt,Platforms,FALSE,"AWS CloudWatchは、AWS環境およびオンプレミスのリソースを対象に、ログ・メトリクス・イベントの収集・可視化を実現する完全マネージドの監視・運用ツールです。システムのパフォーマンスや稼働状況の把握、問題検知やトラブルシュートを支援し、アラート設定や自動スケーリング連動による運用効率の向上にも寄与します。

プロジェクトでの利用状況
ログ収集基盤として利用されたり、ログ管理が行われたり、またAWS AppSyncやAWS Lambdaのログ収集にも活用され、実環境での運用改善に大きく貢献しています。"
Google Meet,3,Adopt,Tools,FALSE,"Google Meetは、ビデオ会議やオンラインミーティングを実現するクラウドベースのツールです。シンプルなUIと高いセキュリティ機能が特徴で、ブラウザや専用アプリを通じて手軽に会議に参加でき、リアルタイムの対話が可能です。

プロジェクトでの利用状況：業務会議、顧客打ち合わせ、オンライン研修、グループディスカッションなど、常時接続を必要とするシーンで活用され、遠隔地間でも円滑なコミュニケーションをサポートします。"
Nuxt,2,Adopt,languages-and-frameworks,FALSE,"NuxtはVue.jsをベースにしたフレームワークで、サーバーサイドレンダリングや静的サイト生成に対応し、シンプルな設定のもと高速でSEO効果の高いアプリケーションの開発を促進します。コード分割やプリフェッチ機能など、開発効率を高める仕組みが充実しており、柔軟な構成が魅力です。

プロジェクトでの利用状況
エンドユーザー向けアプリのフロントエンドの開発で活用されています。"
yarn,3,Apopt,Tools,FALSE,"yarnは、JavaScriptプロジェクトの依存管理とパッケージ導入を高速かつ効率的に行うツールです。yarnのキャッシュ機能と並列処理により、パッケージのインストールや更新が迅速に実施でき、ビルド・デプロイ作業の自動化にも寄与します。

プロジェクトでの利用状況としては、フロントエンド開発や依存パッケージの管理、ビルドツールとの統合を通じて、開発環境の安定性と作業効率の向上が図られています。"
git,3,Adopt,Tools,FALSE,"gitは分散型バージョン管理システムとして、ソースコードの変更履歴を管理し、分散開発や協働作業を効率化するために用いられます。ブランチ作成やマージの柔軟な運用により、個々の開発者が独立して作業しつつ、統合時に問題が生じにくい環境を実現します。

プロジェクトでの利用状況
ソースコードのバージョン管理、コード管理、ソース管理に活用され、各チームの迅速なフィードバックや安全なリリースプロセスを支えています。"
AWS Amplify,2,Adopt,Platforms,FALSE,"AWS Amplifyは、ウェブやモバイルアプリケーションの構築・運用を迅速に行うためのクラウドプラットフォームで、バックエンド機能の自動生成や認証、データ管理、ストレージ、API連携などがシームレスに実装できます。CLIや各種ライブラリを利用し、開発からビルド、デプロイまで一貫したワークフローが実現可能です。

プロジェクトでの利用状況
Webアプリケーションの構築、ホスティング、ビルド＆デプロイ、およびモバイルアプリのバックエンド作成に応用されています。"
AWS AppSync,2,Adopt,Platforms,FALSE,"AWS AppSyncはGraphQLを利用したAPI管理サービスで、リアルタイム通信やオフライン対応をはじめとする柔軟かつ拡張性の高いAPI構築を実現します。

プロジェクトでの利用状況
WebアプリケーションのAPI構築に採用され、Amplify Gen2で定義したGraphQLスキーマから自動生成されるAPIを利用してスピーディな開発を可能にしています。また別のプロジェクトではモバイルアプリで発生するデータの送受信やバックエンドとの連携において、リアルタイムな通信とデータ配信機能を支えるWeb APIとして活用されています。"
AWS Step Functions,2,Adopt,Platforms,FALSE,"AWS Step Functionsはサーバーレスなワークフロー調整サービスで、複数のAWSサービスや分散システムのタスクを統合的に管理・自動化するために利用されます。状態遷移モデルを用いて各タスクの実行順序、エラーハンドリング、並列処理などを柔軟に設計でき、システム全体の信頼性向上と運用効率化に寄与します。

プロジェクトでの利用状況
時間のかかる処理の自動化やバッチ処理基盤の構築など、複雑な業務フローの管理に活用されています。"
Figjam,2,Adopt,Tools,FALSE,"FigjamはFigmaが提供するオンラインホワイトボードツールで、デザイン作業との連携を活かしつつ、アイデア出しや議論をリアルタイムに展開できるため、チームの協働作業を活性化させる用途で使われます。
プロジェクトでの利用状況
ふりかりやスプリントイベント、ワークショップなどの場面でホワイトボードとして用いられ、ミーティング中の視覚的な情報共有と迅速なフィードバックを実現しています。"
Amazon EventBridge,3,Adopt,Platforms,FALSE,"Amazon EventBridgeはサーバーレスなイベントバスサービスで、AWSサービスやSaaSとの連携を容易にし、各種イベントの収集、ルーティング、変換を実現します。イベントをトリガーにワークフローを自動化し、システム全体の疎結合な設計を促進します。

プロジェクトでの利用状況
Amazon EventBridgeは、S3からのイベントでStep Functionsを実行したり、AppSyncとの連携を通じてリアルタイムな処理を行うほか、Step Functionsからプライベート環境のHTTPエンドポイントを呼び出す際や定期実行バッチのトリガーとして利用され、柔軟で効率的なシステム連携を支えています。"
Next.js,2,Adopt,languages-and-frameworks,FALSE,"Next.jsはReactを基盤としたフレームワークで、サーバーサイドレンダリングや静的生成を容易に実現し、高速なパフォーマンスとSEO最適化を両立するWebアプリケーションの開発を可能にします。最新機能を組み込むことで、レスポンシブなUI設計や効率的なルーティングが実現でき、開発効率の向上に寄与します。

プロジェクトでの利用状況では、Next.jsを用い、Pages Routerやstandaloneモードでのビルド、App Runnerを活用した実行方法や、フロントエンドの実装での採用など、各フェーズでの最適な運用が確認されています。"
Storybook,2,Adopt,languages-and-frameworks,TRUE,"StorybookはUIコンポーネントの開発、テスト、ドキュメント管理を一元化するツールで、開発者間の共有とフィードバックが容易になる仕組みを提供します。

プロジェクトでの利用状況
Nextコンポーネントのプレビュー、ドキュメント化、テストに活用される他、クライアント画面の開発補助として、迅速なブラウジングと品質向上に寄与しています。"
Docker Compose,2,Adopt,Tools,FALSE,Docker Composeは、複数のDockerコンテナからなるアプリケーションの構築、管理、実行を容易にするツールです。サービス毎に定義した設定を一括管理できるため、環境構築の自動化と一元管理を実現します。プロジェクトでの利用状況：開発環境でのコンテナ通信設定、複雑な依存関係の構築、統合テストやデプロイメントの自動化に活用され、実際の現場では横浜銀行やNTTPCによるコンテナ利用の際に、このツールが効率的な運用の鍵として採用されています。
Renovate,3,Trial,Platforms,FALSE,Renovateは依存関係更新を自動化するツールで、ライブラリやパッケージ管理の手間を大幅に軽減し、セキュリティ対策やバージョンアップを効率的に支援します。自動的に生成されるプルリクエストにより、最新の依存関係の適用や脆弱性への迅速な対応が可能となります。プロジェクトでの利用状況 バージョン管理の統一、定期的な依存関係チェック、セキュリティパッチの自動更新、CI/CDパイプラインとの連携など、実際の現場で活発に活用されています。
Tailwind CSS,2,Adopt,languages-and-frameworks,TRUE,"Tailwind CSSはユーティリティファーストのCSSフレームワークで、直感的なクラス管理により迅速なUI構築と一貫性のあるデザイン実現をサポートします。HTMLに直接多数のスタイルクラスを書き込むことで、プロトタイピングから本格的なWebアプリ開発まで柔軟に対応し、カスタマイズ性とレスポンシブ設計が容易になります。

プロジェクトでの利用状況
多様なWebサイトや管理ツール、モバイルファーストなアプリケーションで用いられ、効率的なCSS実装とスピーディな改修サイクルの実現に貢献しています。"
Formik,2,Adopt,languages-and-frameworks,TRUE,"FormikはReact向けのフォーム管理ライブラリで、フォームの状態管理、バリデーション、エラーメッセージの表示、送信処理などをシンプルかつ効率的に実装できます。フォームロジックとUIの連携をスムーズに行えるため、開発効率や保守性が向上し、複雑な入力処理にも柔軟に対応可能です。
プロジェクトでの利用状況 入力フォームの構築や検証、ユーザー入力データの管理を中心としたフロントエンド実装で採用され、堅牢なフォーム体験を提供するために活用されています。"
GitLab Runner,2,Adopt,Platforms,FALSE,GitLab RunnerはGitLabのCI/CDパイプラインでジョブを実行するためのツールです。コミットされたコードの自動テスト、ビルド、デプロイなどを迅速に処理し、開発フローを効率化することが可能です。プロジェクトでの利用状況 GitLab RunnerはSelf Hostedやクラウド環境で運用され、各ジョブの自動実行やオートメーションの管理、デプロイ環境との連携によって、継続的インテグレーションとデリバリーを現場で実現しています。
Mattermost,2,Adopt,Tools,FALSE,"Mattermostはオープンソースを基盤としたチームコミュニケーションツールで、セキュアなチャット環境やファイル共有、各種業務ツールとの連携を容易に実現します。利用者は開発チーム内の情報交換や議論、緊急時の連絡網として活用するほか、システムと統合してワークフローの自動化や運用効率の向上を図っています。プロジェクトでの利用状況
チームのチャットやディスカッションツールとして、コミュニケーションの効率化と即時の情報共有に貢献しています。"
yup,2,Adopt,languages-and-frameworks,TRUE,"yupはJavaScript向けのバリデーションライブラリで、スキーマ定義に基づく入力値の検証や変換を直感的なAPIでサポートします。オブジェクトや配列など複雑なデータ構造の検証にも対応し、エラーメッセージのカスタマイズも容易です。

プロジェクトでの利用状況
実際の現場では、入力データの正確な検証を目的として採用され、フロントエンドのユーザー入力チェックなど、バリデーション工程の効率化に寄与しています。"
AWS CloudFormation,2,Adopt,Platforms,FALSE,AWS CloudFormationは、AWS上のインフラストラクチャをコードとして定義し、自動でリソースの生成や更新を実行するインフラ自動化ツールです。各種AWSサービスをテンプレートにより宣言的に管理できるため、環境構築や変更の再現性・信頼性が向上します。プロジェクトでの利用状況　現場では、CDKからデプロイする際にCloudFormationテンプレートを用い、インフラのコード管理と安定した環境展開、迅速な変更反映を実現。
Amazon SES,2,Adopt,Platforms,FALSE,"Amazon SESはAWSが提供するスケーラブルなメール送信サービスで、大量のメール送信、受信、バウンス管理、フィードバックループ対応などが可能なため、マーケティング活動やシステム通知、取引メールの配信に活用されます。高可用性とセキュリティを備え、既存のAWS環境と統合しやすいのが魅力です。

プロジェクトでの利用状況
メール送信基盤としてシステムの連絡や一般的なメール送信に利用されています。"
Scrum,2,Adopt,Techniques,FALSE,"Scrumはアジャイル開発手法の一つで、定められた短期間のスプリント内で計画、実行、振り返りを繰り返し、継続的改善と透明性を高めるフレームワークです。役割分担や自己組織的なチーム運営により迅速なフィードバックを実現し、リスク管理と適応力を向上させます。

プロジェクトでの利用状況
1週間スプリントや司会当番制、Tシャツサイズ見積もりを活用し、全員が内製化支援チームとして協働するハイブリッド形式や、SM専任を設けず柔軟なアジャイル開発が実践される事例があります。"
モックサーバ,2,Apopt,Techniques,FALSE,"モックサーバは、実際のAPIや外部サービスの代替として機能し、開発環境やテスト段階で必要なレスポンスを模擬する仕組みです。プロジェクトでの利用状況
MockoonやSoapUIを利用して、APIの挙動を再現しながら動作確認を行ったり、AWS上の開発環境でAPIサーバの連携先としてLambdaを活用し、実サービスに近い状態を再現することで開発・テスト効率の向上に寄与しています。"
git-flow,2,Adopt,Tools,FALSE,"git-flowは、Gitを用いたバージョン管理におけるブランチ戦略の一手法で、開発・リリース・メンテナンスといった各フェーズの作業を明確なブランチ（feature、develop、release、hotfixなど）で管理し、開発プロセスのルールを体系化するものです。

プロジェクトでの利用状況
あるプロジェクトではgit CLIのアドオンとしてブランチ戦略の一環として利用され、別のプロジェクトでは各ブランチの運用ルールに基づいた管理手法として採用され、効率的かつ統制の取れた開発フローが実現されています。"
モブプロ,2,Adopt,Techniques,TRUE,"モブプロは、1台のPCや画面をチーム全体で共有し、全員が同時にコードを書いたりレビューを行ったりする開発手法です。コミュニケーションの密度が高まり、知見の共有や問題点の早期発見に寄与します。

プロジェクトでの利用状況
コードレビュー、実装の共同作業や設計検討をはじめ、リファクタリングや問題解決に向けた議論の際に活用されています。実際の現場では必要なときにデイリーミーティングなどで声をかけあってリモートで実施、チーム全体で共通認識を深めるために定期的に導入され、全員の参加による成果向上を実現しています。"
terraform,2,Adopt,languages-and-frameworks,FALSE,"Terraformはインフラストラクチャをコードで管理するツールで、設定ファイルにネットワーク、サーバ、ストレージなどの構成情報を記述することで自動化と再現性の高いインフラ展開を実現します。

プロジェクトでの利用状況
クラウドリソース全体のプロビジョニングや構成管理、変更管理、環境の再現性確保など、IaC（Infrastructure as Code）として各種環境の構築と運用に活用されています。"
GitHub Enterprise,2,Adopt,Platforms,FALSE,"GitHub Enterpriseは、企業向けに提供されるGitHubのプライベートなバージョンで、ソースコードのバージョン管理、コードレビュー、CI/CDパイプラインの統合など、開発プロセス全体をサポートする機能が充実しています。セキュリティ対策やアクセス制御が強化され、企業内での情報共有やコラボレーションが円滑に行えます。

プロジェクトでの利用状況 としては、Github APIでの動作確認やソースコード管理など、効率的な開発運用の実現に寄与しています。"
GraphQL,2,Adopt,languages-and-frameworks,FALSE,"GraphQLはAPIのクエリ言語およびランタイムで、クライアントが必要なデータだけを効率よく要求・取得するために設計されています。複数のデータソースからの情報を一括して扱えるため、フロントエンドとバックエンド間の通信を最適化し、必要な情報の過不足を防ぐメリットがあります。

プロジェクトでの利用状況
Githubの設定情報取得など、柔軟で正確なデータアクセスが求められる場面で重宝され、システム連携やアプリケーションの高速レスポンス実現に貢献しています。"
Google Cloud API,2,Adopt,Platforms,FALSE,"Google Cloud APIは、Google Cloud上の各種サービスへプログラム経由でアクセス、操作を行うための仕組みで、インフラ管理やリソースの自動化、アプリケーション連携、データ処理など幅広いクラウド環境の制御を可能にします。

プロジェクトでの利用状況
Google Cloudの設定状況をAPI経由で取得、Google Cloud FunctionsからGoogle Workspacesを利用するなど、運用自動化とサービス間連携に活用されています。"
Circle CI,2,Adopt,Platforms,FALSE,"CircleCIはクラウドベースのCI/CDツールで、コードの変更をトリガーに自動でテスト、ビルド、デプロイを実行し、開発フローの効率化と品質向上を図ります。GitHubやBitbucketとの連携により、変更のフィードバックが迅速に得られ、複雑なパイプラインの管理を容易にします。

プロジェクトでの利用状況
継続的インテグレーションを通じた自動テスト環境の構築、リリースプロセスの標準化、自動デプロイによる運用負荷削減など、CI/CD全体の自動化と開発効率向上に寄与するツールとして活用されています。"
flyway,2,Adopt,Tools,FALSE,"Flywayはデータベースマイグレーションツールで、SQLスクリプトやJavaで記述された移行ファイルを用いて、データベースのスキーマ変更やバージョン管理を自動的に実行します。アプリケーションのリリースと連動したDB設計の更新を容易にし、複数環境間での一貫性を保つために活用されています。

プロジェクトでの利用状況 データベースマイグレーションツールとして採用され、DBスキーマの管理や変更自動化により効率的な開発運用が実現されています。"
husky + commitlint,2,Assess,Tools,FALSE,"huskyはGitフックを管理するツールで、commitlintはコミットメッセージがあらかじめ定めたフォーマットに沿っているかを検証します。huskyを利用して、コミット時にcommitlintが自動的に動作する仕組みを構築することで、標準化されたコミットメッセージを強制し、プロジェクト全体の履歴の整合性を保ちます。

プロジェクトでの利用状況
commitlintはコミット及びPRタイトルの検証に活用され、Squash and mergeでマージすることで、後から見返した際に変更内容をメッセージだけで把握しやすくなるよう運用されています。"
Java,2,Adopt,languages-and-frameworks,FALSE,"Javaはオブジェクト指向プログラミング言語として設計され、プラットフォームに依存しないコード記述が可能な点が特徴です。安全で堅牢な実装環境を提供するため、大規模なエンタープライズシステムやWebサービス、組み込みシステムなど、広範囲な用途に採用されています。

プロジェクトでの利用状況としては、バックエンドの実装やモバイルアプリのネイティブコード開発など、実際の現場で高い信頼性とスケーラビリティが求められるケースに活用されています。"
Jest,2,Adopt,Tools,FALSE,"JestはJavaScript向けのテストフレームワークで、ユニットテスト、スナップショットテスト、モック機能などを備え、アプリケーションの品質向上に寄与します。自動テスト実行により、コードの変更で不具合が発生していないかを迅速に確認でき、開発サイクルを効率化します。

プロジェクトでの利用状況
フロントエンドのテストや、テストフレームワークとして活用され、信頼性の高いコード管理に役立っています。"
SendGrid,2,Adopt,Platforms,FALSE,"SendGridはクラウドベースのメール送信プラットフォームで、取引型やマーケティングメールを効率的に配信・管理するためのサービスです。システム連携により、送信状況のトラッキングやレポーティング、認証機能を備え、スパム対策や配信最適化が実現されます。

プロジェクトでの利用状況
システムから自動的にメールを送信するメーラー機能として実装され、通知やキャンペーンメールの配信により安定したコミュニケーション基盤を提供しています。"
Swagger,2,Adopt,languages-and-frameworks,FALSE,"SwaggerはRESTful APIの設計、開発、テスト、ドキュメント作成を一元的にサポートするツールです。Swagger Editorでの仕様書作成、Swagger UIを使ったインタラクティブなドキュメント提供、そしてSwagger Codegenによるクライアント／サーバースタブの自動生成により、API開発プロセスの迅速化と標準化を実現します。

プロジェクトでの利用状況
API設計に加え、ContainerAppsとしてデプロイされたAPIを直接実行する際に利用されたり、API仕様書として採用されることで、開発者間のコミュニケーションを円滑にし、効率的な運用が行われています。"
Amazon Cognito,2,Adopt,Platforms,FALSE,"Amazon Cognitoは、ユーザー認証、認可、アクセス制御をクラウド上で提供するサービスです。モバイルやウェブアプリケーションに対して、ユーザープールの管理やIDフェデレーション、ソーシャルログインを安全に実装できる点が特徴です。

プロジェクトでの利用状況
ユーザー認証基盤として採用され、OIDCを使ったソーシャルログイン機能など、実際のアプリ開発において安心・安全な認証環境の構築に活用されています。"
fastlane,2,Adopt,Tools,FALSE,"fastlaneはモバイルアプリのビルド、テスト、配信、証明書管理などの運用作業を自動化するオープンソースツールです。複雑なプロセスの手動操作を排除し、継続的なデリバリーを実現するため、エラーの削減と開発の効率化に寄与します。

プロジェクトでの利用状況では、iOSアプリの配信自動化や証明書、プロビジョニングファイルの管理に採用され、リリース作業の迅速化を支えています。"
draw.io,2,Apopt,Tools,FALSE,"draw.ioはオンラインで図表を作成・共有できるツールで、フローチャートや組織図、シーケンス図などを効率的に描画できるため、設計やプロセスの可視化に重宝されています。

プロジェクトでの利用状況
システムやアプリケーション設計時に画面レイアウトやデータフローの図を作成するケースや、複雑なシーケンス図を通してプロセスの流れを整理する場面で活用されており、各現場での導入実績があるツールです。"
React Native,2,Adopt,languages-and-frameworks,FALSE,"React Nativeは、JavaScriptやTypeScriptを用いてiOS・Androidなどの複数プラットフォーム向けにアプリケーションを構築できるオープンソースフレームワークです。ネイティブコンポーネントと連携しながら開発を進めるため、パフォーマンスと操作性の両立が可能です。ホットリロード機能により、リアルタイムで変更を反映でき、効率的な開発サイクルを実現します。

プロジェクトでの利用状況
現場では、iOS・Androidアプリ開発において迅速なプロトタイプ制作やユーザーインターフェイスの検証を目的として用いられ、開発のスピードアップと品質向上に貢献しています。"
JavaScript,3,Adopt,languages-and-frameworks,FALSE,"JavaScriptは、Webブラウザで動作する動的なプログラミング言語で、Webページの操作、動的コンテンツの生成、非同期通信によるデータ取得などに利用されます。サーバーサイドやモバイルアプリ、IoTなど幅広い領域に対応しており、柔軟性と拡張性の高い言語です。

プロジェクトでの利用状況
フロントエンド実装、エンドユーザー向けアプリ開発、バックエンドとの連携など、各フェーズで動的なUIの実装やデータ処理、リアルタイムコミュニケーションの実現に活用されています。"
scss,2,Adopt,languages-and-frameworks,FALSE,"SCSSはCSSの拡張機能を備えたプリプロセッサで、変数、入れ子、ミックスイン、継承、計算などを利用して、スタイルシートの保守性と再利用性を向上させます。コードの重複を減らし、効率的にスタイルを管理できるため、手作業の煩雑さを軽減し、柔軟な設計が可能です。

プロジェクトでの利用状況
現場では、CSS実装の効率化やデザインの統一性維持に活用され、効率的なコーディングと品質の高いスタイリングを実現しています。"
Vue Router,2,Adopt,languages-and-frameworks,FALSE,"Vue RouterはVue.js専用のルーティングライブラリで、シングルページアプリケーション内の画面遷移やコンポーネント間の紐付けを容易にします。個々のルート設定や動的、ネストされたルート管理、遅延読み込みなどの機能により、アプリ全体の状態管理とナビゲーションが一元化され、柔軟かつスムーズなユーザー体験を提供します。

プロジェクトでの利用状況
フロントエンドの画面遷移やルーター制御として採用しており、開発効率やコードの保守性向上に寄与しています。"
Pinia,2,Adopt,languages-and-frameworks,FALSE,"PiniaはVue.js向けの状態管理ライブラリで、シンプルなAPIと直感的な記述方法により、アプリケーションの複雑な状態管理を容易にします。リアクティブな設計を活かし、開発者はグローバルな状態を宣言的に管理でき、Vue3との統合がスムーズです。また、軽量で高速な動作が特徴のため、アプリ規模に合わせて柔軟に採用可能です。

プロジェクトでの利用状況
フロントエンドの状態管理として利用したり、Vue3環境で効率的なデータフローを実現するためのライブラリとして活用されています。"
Google Apps Script,2,Adopt,Platforms,FALSE,"Google Apps ScriptはGoogleが提供するクラウドベースのスクリプト環境で、Google Workspaceの各種アプリ（スプレッドシート、ドキュメント、Gmailなど）を自動化・拡張するために使用されます。シンプルなJavaScriptベースのコードでオフライン・オンラインの連携や定期実行処理、フォームのカスタマイズなどが可能で、業務効率化やデータ連携の改善に寄与します。

プロジェクトでの利用状況
バックエンド処理の自動化や連携機能の拡充といった業務プロセスの一部で活用され、迅速な実装と柔軟なカスタマイズが実現されています。"
Google Cloud Functions,2,Adopt,languages-and-frameworks,FALSE,"Google Cloud Functionsは、イベント駆動型のサーバーレス実行環境を提供するクラウドサービスで、インフラ管理を不要にし、必要に応じたスケーラビリティを実現できます。HTTPリクエスト・クラウドストレージ変更・Pub/Subイベントなどに応じ、コードの自動実行が可能なため、APIやバックエンド処理の開発が容易です。

プロジェクトでの利用状況
バックエンド処理への適用や、Google Apps ScriptからCloud SQLへのアクセス手段として利用され、システム全体の運用効率と柔軟性の向上に寄与しています。"
Google Cloud Storage,2,Adopt,Platforms,FALSE,"Google Cloud StorageはGoogleが提供するクラウド型ストレージサービスで、大量データの安全な保存と迅速な取得を実現するための拡張性の高いソリューションです。

プロジェクトでの利用状況
連携システムとのI/O処理に利用されたり、画像やPDFなどの静的コンテンツの保存に活用するなど、システム間のデータ連携、バックアップ、アーカイブ用途に幅広く対応しています。"
Microsoft Azure Functions,2,Adopt,Platforms,FALSE,"Microsoft Azure Functionsはサーバーレス実行環境で、イベント駆動型のコードを短時間で実行できるサービスです。コードのみで動作し、インフラの運用管理負荷を軽減できるため、スケール自動化やコスト効率が優れています。

プロジェクトでの利用状況
非同期処理や、Azure Blobのイベントを検知してバックエンドのアプリやPython実装の処理を起動することで、効率的なシステム運用を実現しています。"
Microsoft Azure Cosmos DB,2,Adopt,Platforms,FALSE,"Microsoft Azure Cosmos DBは、グローバル分散されたマルチモデルデータベースサービスであり、低遅延かつ高可用性を実現するために設計されています。SQL、MongoDB、Cassandra、Gremlinなど複数のAPIに対応し、シームレスに自動スケーリングが可能なため、多様なデータモデルを統合的に扱えます。

プロジェクトでの利用状況
バックエンドAPIが扱うキャッシュデータの格納や、チャットアプリの履歴保存・管理に利用されています。"
Microsoft Azure Blob Storage,2,Adopt,Platforms,FALSE,"Microsoft Azure Blob Storageはクラウド上で大容量の非構造化データを効率的に保存・管理するためのオブジェクトストレージサービスです。セキュアな環境でスケーラブルなデータ保管やバックアップ、アーカイブを実現し、アクセス管理やコスト最適化にも優れています。

プロジェクトでの利用状況
ファイル入出力機能で扱うデータの格納や、アプリのログ出力先、取り込みファイルの置き場として活用されています。"
Microsoft Azure Container Apps,2,Adopt,Platforms,FALSE,"Microsoft Azure Container Appsは、コンテナ化されたアプリケーションをサーバレス環境で実行できるマネージドサービスです。マイクロサービスアーキテクチャに対応し、需要に応じた柔軟なスケーリングや運用の簡素化が可能です。

プロジェクトでの利用状況
マイクロサービス化した各機能をContainerAppsとしてデプロイし、コンテナベースのアプリのスケーリングをフルマネージドサーバレス環境で実現。フロントエンド・バックエンドともにAzure上のデプロイ環境として活用されています。"
Microsoft Azure Container Registry,2,Adopt,Platforms,FALSE,"Microsoft Azure Container Registryは、企業向けのプライベートコンテナイメージ管理サービスで、Azure環境とのシームレスな連携により、迅速かつ安全なデプロイをサポートします。セキュリティ対策が施されたイメージリポジトリにより、継続的デリバリーやマイクロサービス運用を効率良く実現でき、コンテナ化アプリケーションのライフサイクル管理を包括的に支援します。

プロジェクトでの利用状況
ContainerAppsのイメージファイルを格納、マネージドレジストリとしてコンテナイメージの保存・管理に利用されています。"
Amazon Bedrock,1,Adopt,Platforms,FALSE,"Amazon Bedrockは、AWSが提供する生成AIと基盤モデルを手軽に活用できるマネージドサービスです。ユーザーは専門知識がなくても、既存の高精度なAIモデルを組み合わせた独自アプリケーションを迅速に開発でき、モデルのカスタマイズやスケーラビリティも容易に実現されます。

プロジェクトでの利用状況
AWSが提供する基盤モデルを使うのに利用されています。"
Amazon Transcribe,1,Adopt,Platforms,FALSE,"Amazon Transcribeは音声認識サービスで、音声データをテキストに変換するために利用されます。リアルタイムのストリーミング処理とバッチ処理の両方に対応し、多言語対応や話者分離機能を備えています。これにより、会議や講演、問い合わせ内容などの音声情報を自動的に文字起こしし、分析や記録作成を効率化できます。

プロジェクトでの利用状況
音声データの文字起こしに利用されており、バッチとストリーミング両方での処理が可能なため、正確な速度と精度のバランスが求められる現場で活用されています。"
Google Gemini,1,Trial,Platforms,FALSE,"Google GeminiはGoogleが提供する次世代マルチモーダルAIプラットフォームで、テキスト、画像、音声など多様なデータを統合的に解析し、対話生成やコンテンツ制作の自動化を支援します。新たなサービスの構築や業務効率化、ユーザーインターフェイスの向上など様々な開発シーンで活用が期待されています。

プロジェクトでの利用状況
音声データの文字起こしをするために利用され、そのマルチモーダル処理能力が情報抽出と整形に大きく貢献しています。"
TanStack Router,1,Adopt,languages-and-frameworks,FALSE,"TanStack Routerは、Reactアプリ向けのルーティングライブラリで、柔軟なルート定義と高度な型安全性を提供します。URLパラメータの厳格な型検査や、動的ルーティング、ファイルベースルーティングに対応しており、シングルページアプリケーション（SPA）の効率的な開発を支援します。

プロジェクトでの利用状況
Reactのルーティングライブラリとして利用してます。CSRでファイルベースルーティングができ、型安全にパラメータを扱えるため利用しています。"
Dependabot,1,Adopt,Tools,FALSE,"Dependabotは、依存関係の管理と脆弱性チェックを自動で行うツールです。対象プロジェクトのライブラリやパッケージのバージョンアップ、セキュリティ脆弱性の検出、修正プルリクエストの作成を自動化し、開発プロセスの安全性と効率性を向上させます。

プロジェクトでの利用状況
GitHub上で定期的な依存関係のチェックやアップデート提案を実施し、セキュリティリスク低減と運用負荷の削減に貢献しています。"
Markuplint,1,Adopt,Tools,FALSE,"Markuplintはマークアップ言語の静的解析ツールで、HTMLやXMLなどのコードが標準や独自ルールに沿って作成されているかを検査し、品質や保守性の向上を支援します。

プロジェクトでの利用状況
自動チェック機能によりコードレビューやCI/CDパイプラインへの統合、リファクタリング時のエラー検出など、早期の不具合発見と統一されたコーディング環境の維持に活用されています。"
AWS CDK,3,Adopt,languages-and-frameworks,TRUE,"AWS CDKは、開発者がプログラミング言語を用いてAWSのインフラをコード化できる開発フレームワークです。従来の手作業による構成設定から脱却し、一貫性のある環境構築、変更管理の自動化、テストや再利用を容易にすることで、効率的なクラウド運用が実現できます。

プロジェクトでの利用状況
インフラ自動デプロイの実現、CI/CDパイプラインへの統合やコードレビュー、テスト環境の迅速な構築など、各種プロジェクトでインフラ管理の効率化と品質向上を目的に活用されています。"
LocalStack,1,Adopt,Tools,FALSE,"LocalStackはAWSのクラウドサービスをローカル上で再現するツールです。実際のAWS環境に近い形でサービスをエミュレーションできるため、開発中の機能検証や統合テスト、CI/CDパイプラインの一環として活用されます。

プロジェクトでの利用状況
ローカルでの動作確認に用いられ、実際の運用前の細かな検証環境として導入されることで、コスト削減や迅速なフィードバック取得が実現されています。"
Mockoon,1,Adopt,Tools,FALSE,"Mockoonは、REST APIのモックサーバーを簡単に構築できるツールです。開発初期やテスト工程で、実際のバックエンドが未完成の場合でも、あたかも本番のAPIが稼働しているかのように振る舞わせることが可能です。

プロジェクトでの利用状況
基幹システムへのAPIアクセスを検証するため、AWS dev環境でApp Runner上にMockoonを配置し、実運用に近いシナリオの確認と迅速なフィードバックを実現しています。"
AWS AppRunner,1,Adopt,Platforms,FALSE,"AWS AppRunnerはコンテナ化されたウェブアプリケーションを迅速にデプロイできるマネージドサービスです。サーバー構築や管理の手間を省き、ソースコードのリリースから自動スケーリングまでを一元管理することで、開発サイクルを効率化できます。

プロジェクトでの利用状況
Webアプリケーションの実行基盤として採用され、また開発環境ではモックサーバーとしても活用され、迅速な検証と運用の両面で効果を発揮しています。"
Amazon ECR,1,Adopt,Platforms,TRUE,"Amazon ECRはフルマネージドのコンテナレジストリサービスで、Dockerイメージなどのコンテナイメージをセキュアに保存・管理・配信できます。AWSの各種サービスと連携し、CI/CDパイプラインやオーケストレーションツールとの統合が容易です。

プロジェクトでの利用状況
実運用環境へのコンテナデプロイに際し、AppRunnerにデプロイするイメージの格納先として利用され、セキュリティとスケーラビリティの向上に貢献しています。"
AWS SecretManager,1,Adopt,Platforms,FALSE,"AWS SecretManagerは、AWSが提供する機密情報管理サービスで、パスワードやAPIキー、データベース認証情報などの重要情報を安全に格納・管理します。高度な暗号化、アクセス制御、自動ローテーション機能により、情報漏洩リスクを最小限に抑えながら、運用の効率化を実現します。

プロジェクトでの利用状況
秘匿情報の格納場所として利用され、内部システムと連携する際の安全な認証情報提供やコンプライアンス遵守に寄与しています。"
AWS WAF,1,Adopt,Platforms,FALSE,"AWS WAFは、ウェブアプリケーションを保護するために設計されたファイアウォールで、ユーザーが定義したルールを基に不正アクセスや攻撃パターンをブロックし、安定したサービス運用を支えます。

プロジェクトでの利用状況
AWS WAFは、AppRunnerにアタッチしウェブトラフィックの制御を実現するほか、企業のセキュリティポリシーに合わせた攻撃対策の検証など、セキュリティ強化の中核として活用されています。"
AWS X-RAY,1,Adopt,Platforms,FALSE,"AWS X‑RAYは、分散アプリケーションのトレーシングを実施するサービスで、各種AWSリソース間のリクエスト処理を可視化し、パフォーマンスの最適化や障害箇所の迅速な特定を支援します。ログやメトリクスと連携し、システム全体の動作状況を解析、問題の根本原因を追跡することで、運用効率と信頼性の向上を可能にします。

プロジェクトでの利用状況
Lambda、AppRunner、StepFunctionsなどを用いたシステム運用において、障害検出とパフォーマンス改善のために実装されています。"
GitOps,1,Adopt,Techniques,FALSE,"GitOpsは、Gitリポジトリを唯一の情報源とし、システム構成やアプリケーションの更新をコードとして管理する自動化手法です。Gitへの変更がきっかけとなり、CI/CDパイプライン経由で環境構築やデプロイが実施され、信頼性と一貫性が向上します。

プロジェクトでの利用状況
Pull RequestやMerge Reqeustなどの変更リクエスト時にCIツールがlint、compile、testを実行し、開発環境・ステージング環境・商用環境などに対応するブランチへのpushで自動デプロイが行われる運用形態が採用している。"
サーバーレスアーキテクチャ,1,Apopt,Techniques,FALSE,"サーバーレスアーキテクチャは、サーバーの運用管理を抽象化し、利用者がコード開発に専念できる環境を提供する手法です。リソースは必要に応じて自動スケールし、コストと運用負荷の最適化が図られます。

プロジェクトでの利用状況
いくつかのチームではサーバー管理なく、サーバーレスアーキテクチャで構成されています。"
ブランチ戦略/リリースフロー,2,Apopt,Techniques,FALSE,"ブランチ戦略/リリースフローは、ソフトウェア開発におけるコード管理とリリース手順を体系的に整理する手法です。各機能や修正作業を独立のブランチで行い、段階的に統合することで、品質の確保と迅速なリリースを実現します。プロジェクトでの利用状況
Git-flowなどの戦略に基づき、機能追加、バグ修正、緊急対応のためのブランチ運用が実施され、開発とリリースのプロセスが明確化・効率化されています。"
Mermaid,2,Access,Tools,FALSE,Mermaidは、テキストベースの記述から自動的に図を生成できるオープンソースライブラリです。コードとして記述することでシーケンス図、フローチャート、ガントチャートなど多種多様な図をシンプルに作成でき、ドキュメントや仕様書の可視化を容易にします。プロジェクトでの利用状況 GitLab上のMarkdownで図を記述するときに利用され、図のバージョン管理や共同作業がスムーズに行われる現場での活用が進んでいます。
mob,1,Adopt,Tools,TRUE,"mobはモブプログラミング実践のための支援ツールで、チーム全体が同一の作業環境で協働する際のgit操作を円滑にすることを目的としています。コードの統合、ブランチ管理、コミットの整理など、従来の複雑な作業を自動化することで開発効率を向上させ、全メンバーが最新コードを確実に共有できる環境を整えます。

プロジェクトでの利用状況
モブプロセスにおいてスムーズなgitハンドリングを実現するため、mobを活用して効率的なコード統合と品質向上に寄与しています。"
AWS CloudFront,1,Adopt,Platforms,FALSE,"AWS CloudFrontは、Amazonが提供するグローバルなコンテンツ配信ネットワーク(CDN)サービスです。ウェブサイト、動画、APIなどの静的・動的コンテンツをエンドユーザーに低遅延かつ高パフォーマンスで配信することが可能です。

プロジェクトでの利用状況
AWS CloudFrontは、キャッシュ機能やセキュリティ機能を活用してオリジンサーバ負荷の軽減、DDoS攻撃対策、グローバルなコンテンツ配信の実現のために、ECサイト、動画ストリーミング、リアルタイムデータ配信など多様なシーンで利用されています。"
AWS API Gateway,1,Adopt,Platforms,FALSE,"AWS API Gatewayは、RESTful APIやWebSocket APIの作成、公開、管理をフルマネージドで行うサービスです。セキュリティ、認証、スケーラビリティ、そして統合監視などの機能を活用し、サーバーレスアプリケーションやマイクロサービス間の連携をシンプルかつ効率的に実現します。

プロジェクトでの利用状況
APIエンドポイント構築、認証設定やトラフィック管理、サービス連携、パフォーマンス最適化など現場の複雑な要求に応えるため広範に活用されています。"
React Router,1,Adopt,languages-and-frameworks,TRUE,"React RouterはReact向けのルーティングライブラリで、シングルページアプリケーションでの画面遷移やURL管理を柔軟かつ直感的に実現するために使われます。ダイナミックルートやネストルートの設定により、複雑なナビゲーション構造も分かりやすく構築できます。

プロジェクトでの利用状況
ユーザーフローに沿った画面遷移設計や、認証、パラメータ管理、条件分岐を取り入れたルート構成など、ウェブアプリのレスポンス向上を目的とした様々な場面で活用されています。"
Hono,1,Adopt,languages-and-frameworks,TRUE,"Honoは軽量なWebフレームワークで、シンプルなAPI設計と高速なHTTPリクエスト処理を実現するために活用されます。Node.jsやクラウド環境（Cloudflare Workersなど）でも動作し、迅速なプロトタイピングとスケーラブルなサービス開発を可能にする点が特徴です。

プロジェクトでの利用状況
APIサーバーやマイクロサービス、サーバレスアプリケーションの構築、リアルタイム通信など、パフォーマンスの高いシステム実装において、直感的なルーティングとミドルウェア対応を活かした効率的な開発が実現されています。"
AWS Lambda@Edge,1,Adopt,Platforms,FALSE,"AWS Lambda@Edgeは、AWS Lambdaの機能をグローバルなCDN環境で実行できるサービスです。これにより、エッジロケーションでユーザーリクエストに迅速に応答し、コンテンツの動的生成やカスタム認証、リダイレクト、A/Bテスト、セキュリティ機能を実装することが可能になります。

プロジェクトでの利用状況
Webサイトやアプリケーションにおいて、レスポンスの高速化、ユーザー毎のパーソナライズ、動的ルーティング、セキュリティ強化、キャッシュの最適化など多様なシーンで有効に活用されています。"
GitHub Packages,1,Adopt,Platforms,FALSE,"GitHub Packagesは、GitHubと連携したパッケージ管理サービスで、コンテナイメージやライブラリ、ツールなど様々なソフトウェアパッケージのホスティング、配布、バージョン管理を一元的に実施できます。

プロジェクトでの利用状況
GitHubリポジトリとのシームレスな連携とCI/CDパイプライン統合により、一般公開されていないパッケージの管理や依存関係の解決が効率的に行われ、セキュアな開発プロセスの実現に貢献しています。"
Electron,1,Adopt,languages-and-frameworks,TRUE,"ElectronはWeb技術（HTML、CSS、JavaScript）を活用し、クロスプラットフォームのデスクトップアプリを構築するためのフレームワークです。ネイティブアプリに匹敵する操作感とUI表現を実現し、Windows、macOS、Linux上で一貫した動作を提供します。

プロジェクトでの利用状況
デスクトップアプリの作成基盤として採用され、UI/UXの調整、システム連携、バージョン管理などの面で効率的な開発プロセスをサポートし、チームの迅速なプロトタイピングや市場投入を可能にしています。"
zod,3,Adopt,languages-and-frameworks,TRUE,"zodはTypeScriptとの連携を重視したスキーマ定義・バリデーションライブラリで、直感的なAPIを提供します。型安全性を確保しながら、入力データの検証や整形を実施できるため、非同期処理や外部サービスとの連携におけるエラー発生を防ぎます。

プロジェクトでの利用状況
スキーマバリデーションとして、APIリクエストや外部とのデータ交換の際の値チェックに有効活用されています。"
Amazon ECS,1,Adopt,Platforms,FALSE,"Amazon ECSは、AWS上で動作するフルマネージドのコンテナオーケストレーションサービスです。EC2またはFargateを利用してコンテナ群を効率的に管理・運用する仕組みを提供し、スケーラブルなアプリケーション構築や自動化に寄与します。セキュリティ、ネットワーキング、負荷分散、モニタリングなどが統合され、システム全体の信頼性と柔軟性が向上します。

プロジェクトでの利用状況
フロントエンド、バックエンドデプロイ用コンテナとして実運用され、定常的なリソース管理と自動スケールにより効率的な運用を実現しています。"
Amazon RDS,1,Adopt,Platforms,FALSE,"Amazon RDSはクラウド上でリレーショナルデータベースの構築・運用を自動化するマネージドサービスです。手動で行っていたバックアップ、パッチ適用、スケーリングなどの管理作業を自動化し、運用負荷を大幅に軽減します。

プロジェクトでの利用状況
大規模データの統合管理、アプリケーションの高可用性確保、性能向上及び運用コスト削減に向けたDBシステムの最適化に活用されています。"
JUnit,1,Adopt,Tools,FALSE,"JUnitはJava向けの単体テストフレームワークで、テスト駆動開発を促進し、コードの品質維持に貢献します。簡潔な記述でテストケースを作成でき、各種アサーションを用いた検証や自動化されたリグレッションテストが可能です。

プロジェクトでの利用状況
バックエンドのテストとして、ロジックの正確性を確認し、不具合の早期検知に役立てられています。"
MySQL,1,Adopt,Platforms,FALSE,"MySQLはオープンソースのリレーショナルデータベース管理システムで、スキーマ定義、SQLによるデータ操作、トランザクション管理など高度な機能を提供し、Webサービスや業務システムでの効率的なデータ管理に最適です。

プロジェクトでの利用状況
DBの構築・運用、データの整合性確保やパフォーマンスチューニング、障害時の迅速なリカバリ対応など、ミッションクリティカルなバックエンド基盤として実務で広く活用されています。"
Nginx,1,Adopt,Platforms,FALSE,"Nginxは高性能なWebサーバー、リバースプロキシ、ロードバランサーとして知られるオープンソースソフトウェアです。静的コンテンツ配信やSSL/TLS終端処理、キャッシュ、接続管理などにより、高速かつ安定したWebサービスの提供を実現します。

プロジェクトでの利用状況
主にWebサーバーとしての運用が中心で、アクセスの増加に対応した負荷分散、セキュリティの強化、効率的なコンテンツ配信など、実際の現場では高速な通信と高い可用性を求める環境で活用されています。"
PHP,1,Adopt,languages-and-frameworks,TRUE,"PHPはサーバサイド開発に特化したスクリプト言語で、動的なウェブサイトやWebアプリケーション、CMSの構築に広く利用されます。シンプルな文法と豊富なフレームワーク、ライブラリにより、迅速なプロトタイピングから大規模なシステム開発まで柔軟に対応できる点が強みです。

プロジェクトでの利用状況
PHPはバックエンドシステムの実装、データベース連携、API開発などに活用され、安定した動作と拡張性、保守性の向上を実現しています。"
Postman,1,Adopt,Tools,FALSE,"PostmanはAPIの開発、テスト、管理に特化したツールで、RESTful APIやSOAPといった各種APIのリクエスト送信、レスポンス検証、ドキュメント作成が容易に行えます。

プロジェクトでの利用状況
外部API実行を中心に、システム連携やサービス検証、継続的インテグレーションの一環として利用され、モックサーバや自動テスト機能により、APIの品質向上と開発効率化を支援しています。"
Rancher Desktop,1,Adopt,Tools,FALSE,"Rancher Desktopはローカル環境でKubernetesやコンテナの運用を容易にするデスクトップツールです。直感的なGUIを通じて、コンテナランタイムやクラスタの起動・管理、設定変更がシンプルに行えるため、開発者は手軽な環境構築と迅速な検証作業に専念できます。

プロジェクトでの利用状況
ローカルでのコンテナ管理に利用しています。

"
Spring Boot,1,Adopt,languages-and-frameworks,FALSE,"Spring BootはオープンソースのJavaフレームワークで、アプリケーション開発に必要な自動設定やスタートターキットを提供し、迅速な立ち上げと拡張性を実現します。従来の煩雑な設定作業を大幅に軽減し、効率的な開発環境を整えることで、生産性向上に寄与します。

プロジェクトでの利用状況
バックエンドの実装を中心に、REST APIの構築、マイクロサービスアーキテクチャの導入、データベース連携やセキュリティ対策など、幅広いシステム開発現場で活用されています。"
Lambdaのウォームアップ,1,Hold,Techniques,FALSE,"Lambdaのウォームアップはサーバーレス環境で利用される手法で、Lambda関数のコールドスタートによる応答遅延を防ぐために事前に関数を起動しておく仕組みです。関数の初回呼び出し時のオーバーヘッドを低減し、ユーザーへのサービス提供における待機時間短縮やパフォーマンスの安定化を図ります。
現在は、Provisioned Concurrencyの利用を検討することをお勧めします。

プロジェクトでの利用状況
Serverless Frameworkのプラグインを利用して5分毎にLambdaをキックし、常にウォーム状態を維持することでコールドスタートの影響を回避しています。"
Elasticsearch Service,1,Adopt,Platforms,FALSE,"Elasticsearch Serviceは、リアルタイムなデータ検索と分析を可能にする分散型検索エンジンであり、大量データの迅速なクエリ処理やログ分析、モニタリングに適しています。Elasticsearchの柔軟なインデックス機能とスケーラビリティにより、大規模システムのデータ可視化やセキュリティ監視、パフォーマンス分析が容易に行え、ビジネスインテリジェンスや運用効率化に寄与します。

プロジェクトでの利用状況
システムログの集約・分析、障害の早期検知、運用パフォーマンスのモニタリングなど、継続的なシステム改善と迅速な問題対応に活用されています。"
Objective-C,1,Adopt,languages-and-frameworks,FALSE,"Objective-CはApple社製プラットフォーム向けのネイティブアプリ開発に特化したオブジェクト指向言語です。豊富なライブラリやフレームワークを利用して、効率的なUI設計やパフォーマンスの最適化が可能となります。

プロジェクトでの利用状況
モバイルアプリのネイティブコードの実装で、直感的なユーザー体験の提供やシステムとの高度な連携を実現する現場が多く見受けられます。"
Firebase App Distribution,1,Adopt,Platforms,FALSE,"Firebase App Distributionは、Firebaseが提供するテストビルド配信用ツールです。iOSやAndroidのアプリを迅速かつ安全にテスターへ配布し、フィードバックの早期取得と不具合検出を目的としています。

プロジェクトでの利用状況
アプリのテスト配信に使用している。GitHub Actionsとfastlaneと組み合わせ、チーム内でのテスト配信を自動化することで、開発フローの効率化と品質向上を実現しています。"
Firebase Crashlytics,1,Adopt,Platforms,FALSE,"Firebase CrashlyticsはFirebaseが提供するリアルタイムのクラッシュレポートツールです。アプリ実行中の障害やエラーの発生状況を自動で検知し、詳細なレポートを生成することで、問題の迅速な特定と修正をサポートします。ログ情報やユーザーセッションのデータをもとに、影響範囲や原因分析を行い、開発プロセスの品質向上に寄与します。

プロジェクトでの利用状況
アプリのクラッシュレポート取得に使用している。"
Flutter,1,Adopt,languages-and-frameworks,FALSE,"FlutterはGoogle提供のオープンソースUI開発フレームワークで、単一のコードベースからモバイル、Web、デスクトップなど複数プラットフォーム向けのアプリを構築できる点が特徴です。豊富なウィジェットとホットリロード機能により、直感的なUI設計と素早いフィードバックが得られ、開発効率および保守性が向上します。

プロジェクトでの利用状況
iOS・Androidアプリの開発で採用され、プラットフォーム依存部分がほぼ単一コードで実現されているため、コードの再利用性と整合性が高められています。"
Dart,1,Adopt,languages-and-frameworks,FALSE,"DartはGoogleが開発したプログラミング言語で、シンプルな構文と強力な非同期処理機能を持ち、モバイルやWebアプリの開発に適しています。開発効率の向上、保守性の高さ、そして豊富なライブラリやツール群により、スムーズな開発環境を実現します。

プロジェクトでの利用状況
Flutterを基盤としたクロスプラットフォームアプリ開発で採用され、コードの再利用やパフォーマンス向上を狙った効率的な実装が行われています。"
Riverpod,1,Adopt,languages-and-frameworks,FALSE,"RiverpodはFlutter向けの状態管理ライブラリで、Providerの問題点を解消し、シンプルかつ柔軟な設計が可能となっています。依存関係注入や非同期処理の管理が容易になり、グローバルな状態の共有をスムーズに行うため、大規模アプリケーションでも拡張性を確保できます。

プロジェクトでの利用状況
Flutter製アプリの状態管理ライブラリとして使用している。簡単な記述で状態を管理（Widget間で共有）できる。テスト時に状態を上書きできるようになっているのでテスト容易性も確保できる。"
Flutter Hooks,1,Adopt,languages-and-frameworks,FALSE,"Flutter HooksはFlutter向けのライブラリで、React Hooksのパターンを応用し、ウィジェットの状態管理やライフサイクルの処理をより直感的に記述できるよう支援します。通常のStatefulWidgetに必要な記述量を削減し、再利用性の高いコードの作成を促進します。

プロジェクトでの利用状況：React Hookのような使用感で状態管理ができ、非常にシンプルに使えるため、ウィジェットに閉じる状態の管理で活用されています。"
Isar,1,Adopt,languages-and-frameworks,FALSE,"IsarはFlutterアプリ向けに最適化された高速ローカルデータベースで、オブジェクト指向のデータ操作や型安全なクエリ、インデックス機能を持つため、シンプルな設計ながら効率的なデータ処理が可能です。RDBほどの検索自由度はありませんが、スマホアプリで求められる軽量・迅速な処理を実現します。

プロジェクトでの利用状況
FlutterアプリのローカルDBとして利用され、読み書きのパフォーマンスの高さとDB Inspectorツールによるリアルタイムなデバッグが、開発時の確認作業を容易にしている点が評価されています。"
Amplify Flutter,1,Adopt,languages-and-frameworks,FALSE,"Amplify FlutterはAWS AmplifyのFlutter向け実装で、Flutterアプリにおける認証、API、データストレージなどAWSサービスとの連携をシンプルに実現するライブラリです。これにより、モバイルやWebアプリの開発が迅速化され、安定したクラウド機能が提供されます。

プロジェクトでの利用状況
バックエンドにAWS Amplifyを採用しているプロジェクトでは、Amplify Flutterが認証やデータ同期、API連携を効率化し、開発スピードと運用の信頼性を向上させています。"
Golden Toolkit,1,Hold,languages-and-frameworks,FALSE,"Golden ToolkitはFlutterアプリのUI検証を効率化するためのビジュアルリグレッションテスト用ライブラリで、キャプチャ画像と期待値画像の比較により、細かなUIチェックを簡素化します。

プロジェクトでの利用状況
Flutterアプリにおいて、各UIコンポーネントの見た目チェックをコード化する手間を省くため、Golden Toolkitでキャプチャ画像が期待通りかを検証する手法が採用されています。しかし、2024年9月をもってライブラリの開発が中止されたため、別のライブラリへの移行が検討されています。"
Integration Test (Flutter),1,Adopt,languages-and-frameworks,FALSE,"Integration Test (Flutter)は、Flutterアプリの結合テストを実施するためのライブラリです。アプリ内の複数画面間の遷移や、ドラッグやテキスト入力といったユーザー操作をシミュレーションし、期待される動作を検証するために利用されます。

プロジェクトでの利用状況
Integration Test (Flutter)は、ユーザーストーリーに沿った画面遷移や各種ユーザーインタラクションに対する動作確認に採用され、UIの一貫性の保持や不具合の早期発見を目的としたテストプロセスの一環として運用されています。"
FL Chart,1,Adopt,languages-and-frameworks,FALSE,"FL ChartはFlutter向けのチャートライブラリで、折れ線、棒グラフ、円グラフ、散布図、レーダーチャートなど多彩なグラフが描画可能です。高いカスタマイズ性により、デザインの自由度が高く、ユーザーインターフェースに合わせた調整がしやすいのが特徴です。

プロジェクトでの利用状況
FL Chartは、Flutterアプリケーション内でデータの視覚化を実現するために活用されています。統計情報の提示、リアルタイムデータのモニタリング、ユーザーインタラクションの可視化など、各種データ分析やビジュアルプレゼンテーションにおいて重要な役割を果たしており、現場での利用実績も豊富です。"
Velocity Template,1,Hold,languages-and-frameworks,FALSE,"Velocity Templateはテキストベースのテンプレートエンジンで、静的な部分と動的なコンテンツを組み合わせたコードやドキュメント生成に利用されます。アプリケーションの構成情報やレスポンスフォーマットを管理し、柔軟な設定や再利用性の向上に寄与するため、開発現場で広く採用されています。

プロジェクトでの利用状況
AppSyncのリゾルバーマッピングテンプレートとして導入されており、JavaScriptで記述可能な環境ではVTL固有の制約を回避するため、JavaScript実装の検討が推奨される。"
Alchemist,1,Trial,languages-and-frameworks,FALSE,"AlchemistはFlutterアプリのUI品質と動作検証に特化した自動テストツールライブラリです。テストコードの記述を簡素化し、シミュレーション環境の整備をサポートすることで、効率的なビジュアルリグレッションテストが可能になります。

プロジェクトでの利用状況
FlutterアプリのVRTを行うために使用している。golden_toolkitの開発中止に伴って試験的に利用し始めている。"
Locker Studio,2,Assess,Platforms,FALSE,"Locker Studioは、データ可視化とインタラクティブな分析を支援するツールです。多様なデータソースからの情報を統合し、リアルタイムなダッシュボード作成やイベントトラッキングを通じ、透明な状況把握と迅速な意思決定を可能にします。

プロジェクトでの利用状況
Google Analyticsのイベントなどを可視化し、ユーザー行動やサイトパフォーマンスの把握、分析結果に基づく施策の検討に役立てています。"
Okta,1,Trial,Platforms,FALSE,"Oktaはクラウドベースのアイデンティティ管理プラットフォームで、ユーザー認証、シングルサインオン（SSO）、多要素認証などを提供するサービスです。アプリケーションやデバイスのセキュリティを高めるための統合プロビジョニングやアクセス管理を実現し、企業のデジタルトランスフォーメーションを促進します。

プロジェクトでの利用状況
SSOや二要素認証を活用し、セキュリティ要件が高い環境での安全なアクセス制御、ユーザーの一元管理を実現するために採用されています。"
VertexAI,1,Assess,Platforms,FALSE,"VertexAIはGoogle Cloud上の統合型機械学習プラットフォームで、モデルの作成、トレーニング、チューニング、デプロイをシームレスに管理できるため、開発効率と運用精度が向上します。

プロジェクトでの利用状況
AI活用によるプロセス効率化や生産性向上の実証検証を実施し、既存システムとの連携や新規サービス実装への展開が進められています。"
Service Now API,1,Adopt,Platforms,FALSE,"Service Now APIは、ServiceNowプラットフォーム上で提供される各種機能へのアクセス手段で、ITサービス管理や業務自動化、インシデント対応、変更管理などを効率化するために利用されます。プラットフォーム内のデータ、タスク、ワークフローを他のシステムと連携させることで、一元的な運用管理と迅速な情報共有を実現できます。

プロジェクトでの利用状況
外部連携や自動化の統合により、運用フローの最適化を図る手段として活用されています。"
AppSheet,1,Adopt,languages-and-frameworks,FALSE,"AppSheetはノーコード開発プラットフォームで、プログラミング知識が少なくてもウェブやモバイルアプリケーションを短期間で構築できるツールです。GoogleスプレッドシートやExcelなどの既存データを活用し、直感的なインターフェースでアプリの機能やデザインを調整することが可能なため、ビジネスプロセスの自動化や内部業務システム、データ管理システムなど、さまざまな用途に利用されています。

プロジェクトでの利用状況
フロントエンドとしての役割も果たしながら、プロトタイプ作成や業務改善の促進に寄与しています。"
Google Spaces,2,Adopt,Tools,FALSE,"Google Spacesは、グループ内での情報共有やディスカッションを促進するチャットルーム型のコラボレーションツールです。シンプルなインターフェースで、テキストチャットやファイル共有、リンクの共有が可能なため、複数人での意思疎通やアイディア整理に適しています。

プロジェクトでの利用状況
メンバーや関係者間での情報交換、ユーザーとのチャットルームでの対話、各案件ごとにチャットルームを作成しリリース後の問い合わせ対応など、業務の各フェーズに合わせたコミュニケーションの円滑化に活用されています。"
clasp,1,Adopt,Tools,FALSE,"claspはGoogle Apps Scriptの開発を効率化するためのコマンドラインツールです。ローカル環境でコードを編集し、クラウド上のプロジェクトと同期を図ることで、バージョン管理やデプロイの自動化を実現します。従来のオンラインエディタでは得られなかった高度な開発体験と、エディタやGitとの連携による柔軟な運用が大きな特徴です。

プロジェクトでの利用状況
Gitでのバージョン管理を中心に、ローカルPCとGAS間のコード同期や効率的なデプロイが行われています。"
gcloud,1,Adopt,Tools,FALSE,"gcloudは、Google Cloud Platform（GCP）のリソース管理や運用を効率化するためのコマンドラインツールです。CLI経由での操作により、仮想マシン、ストレージ、ネットワークなどのクラウドリソースの作成、更新、削除が容易に行え、自動化やスクリプト統合にも適しています。

プロジェクトでの利用状況
Google Cloud Functionsのデプロイに利用され、CI/CDパイプライン内での自動化や運用管理の効率化に寄与するなど、現場での幅広い活用が進んでいます。"
BigQuery,1,Apopt,Platforms,FALSE,"BigQueryはGoogle Cloud上で提供される大規模データウェアハウスサービスで、サーバレスな環境で膨大なデータの格納やクエリ実行、分析が高速に行えます。複雑なETL処理やBIツールとの連携を可能にし、さまざまなデータ活用シーンに対応しています。

プロジェクトでの利用状況
iOSアプリの操作ログをGASで出力するためにBigQueryを利用し、大量ログの効率的な集計と解析を実現しています。"
Expo,1,Adopt,languages-and-frameworks,FALSE,"Expoは、React Nativeアプリ開発向けのツールチェーン・プラットフォームで、初期設定からビルド、デバッグ、ライブリロードまでをシンプルに実現します。統合された開発環境は、初心者でも扱いやすく、ホットリロードや実機連携によって効率的な作業を可能にする点が特徴です。

プロジェクトでの利用状況
React Native用開発プラットフォームとして、プロトタイピングと開発フローの円滑化を実現しています。"
Express,1,Adopt,languages-and-frameworks,FALSE,"ExpressはNode.js向けの軽量で柔軟なWebアプリケーションフレームワークで、ルーティングやミドルウェアの仕組みを活用して効率的なWebサービス開発を支援します。テンプレートエンジンやエラーハンドリング機能の統合により、シンプルな設計でスケーラブルなアプリケーション構築を実現するため、多様な開発パターンに対応可能です。

プロジェクトでの利用状況
Node.js webアプリケーションフレームワークとして、プロトタイピングやAPIサーバー開発、各種Web機能の統合と運用管理に大いに役立っています。"
Firebase Analytics,1,Adopt,Platforms,FALSE,"Firebase Analyticsは、Firebaseに組み込まれた解析ツールで、アプリ利用状況やユーザー行動をリアルタイムに把握し、UX向上やマーケティング施策の最適化を支援します。イベント計測、ユーザーセグメント分析、カスタムレポート作成などを通じて、データドリブンな意思決定を促進します。

プロジェクトでの利用状況
アプリの利用状況をBigQueryに連携し、詳細なデータ解析とレポート作成に活用されています。"
Firebase Authentication,1,Adopt,Platforms,FALSE,"Firebase AuthenticationはGoogleが提供する認証サービスで、メール/パスワードや各種SNS認証、電話認証など多様な認証手段を容易に統合できる仕組みです。

プロジェクトでの利用状況
ユーザーのサインアップ、ログイン、パスワードリセットといった認証機能の実装が迅速に行え、安全なアクセス管理を実現するために利用されています。"
Firebase Hosting,1,Adopt,Platforms,FALSE,"Firebase Hostingは、Googleが提供するウェブホスティングサービスです。セキュアなHTTPS接続、グローバルCDN、自動SSL証明書更新などの機能によって、静的コンテンツを高速かつ安全に配信でき、モダンなウェブアプリケーションのフロントエンドを支えます。Firebase独自の継続的デプロイ機能と他サービスとの連携により、迅速な更新やスケーラブルな運用が可能となります。

プロジェクトでの利用状況
画面など静的コンテンツをホスティングしており、開発効率の改善に寄与しています。"
GAS TEST(by fossamagna),1,Adopt,Tools,FALSE,"GAS TEST(by fossamagna)は、Google Apps Script向けの自動テストライブラリで、スクリプトの各関数の動作確認や品質管理を簡便に行えるよう設計されています。テストコードの記述により、実行結果の検証や不具合の早期発見が可能となり、リファクタリングや機能追加時の安全性が向上します。

プロジェクトでの利用状況
CIパイプラインへの組み込み、既存アプリケーションへの導入、デバッグの効率化など、実運用の場面でスムーズな継続的改善を支援しています。"
Google Chat,1,Assess,Tools,FALSE,"Google ChatはGoogle Workspaceに統合されたチャットツールで、シンプルなUIを通じて迅速なコミュニケーションを実現します。ダイレクトメッセージやグループチャット、スレッド形式での会話管理が可能で、ファイル共有や各種Googleサービスとの連携もスムーズです。

プロジェクトでの利用状況
タスクの進捗確認、即時のフィードバック交換、会議前後の調整や情報共有など、迅速な意思決定と連携強化をサポートするために活用されています。"
Google Cloud Firestore,1,Adopt,Platforms,FALSE,"Google Cloud Firestoreは、クラウド上で管理されるNoSQLのドキュメント型データベースで、リアルタイムなデータ同期や柔軟なクエリ機能を備えています。高いスケーラビリティとセキュリティを提供し、モバイル・ウェブ・サーバーアプリケーションなど多様な環境で活用可能です。

プロジェクトでの利用状況
リアルタイムデータベースが求められる共同作業の場面で、即時反映と柔軟なデータ構造により、効率的な情報共有や更新が実現されています。"
Google Cloud Function for Firebase,1,Adopt,Platforms,FALSE,"Google Cloud Function for Firebaseは、サーバーレス環境上でイベント駆動型の関数を実行するプラットフォームです。Firebaseの認証、データベース、ストレージなどの各種サービスと容易に連携でき、バックエンド処理やAPI構築をシンプルに実装できます。

プロジェクトでの利用状況
DBアクセスなどはFunctionsにデプロイしており、スケーラブルかつ柔軟なバックエンド処理を実現するために活用されています。"
Google Cloud SQL(My SQL),1,Adopt,Platforms,FALSE,"Google Cloud SQL(My SQL)は、Google Cloud Platform上で提供されるフルマネージド型のMySQL互換リレーショナルデータベースサービスです。高可用性、自動スケーリング、バックアップ機能などが標準搭載され、運用負荷を大幅に軽減します。

プロジェクトでの利用状況
RDBが必要なシステム基盤として採用され、データ連携の効率化やサービスの信頼性向上に寄与しており、迅速な開発と運用の両面で実績を上げています。"
Google Drive,1,Adopt,Tools,FALSE,"Google Driveはウェブ上で利用できるクラウドストレージサービスで、ドキュメント、スプレッドシート、プレゼンテーションなどの作成・編集・共有を行えるツールです。作成したファイルはオンライン上で一元管理でき、アクセス権の設定を通じて複数人での同時編集や情報の共有が円滑に行われます。

プロジェクトでの利用状況
QA表や各種ドキュメントの保管場所として、ユーザーとのやり取りや情報共有のハブとして実際の現場で活用されています。"
Gremlin,1,Adopt,languages-and-frameworks,FALSE,"Gremlinはシステムの信頼性と復旧力を向上させるためのカオスエンジニアリングツールです。意図的に障害を注入することでシステムの弱点を洗い出し、障害発生時の挙動やリカバリープロセスの有効性を検証・改善することを目的としています。

プロジェクトでの利用状況
大規模システムの障害シナリオ検証、フェイルオーバー体制のテスト、運用監視や回復計画の見直しに活用され、実際の現場では安全な環境下での障害シミュレーションにより、予期せぬ障害に対する強固なシステム設計の実現に寄与しています。"
React Native Paper,1,Adopt,languages-and-frameworks,FALSE,"React Native Paper は、React Native 向けのマテリアルデザインUIコンポーネントライブラリで、クロスプラットフォームのモバイルアプリにおいて洗練された統一感のあるデザインを実現するために利用されます。使いやすさとアクセシビリティを考慮した設計が特徴で、豊富なコンポーネントを提供することで、迅速なプロトタイピングや一貫性のあるビジュアルの実装をサポートします。

プロジェクトでの利用状況
UIライブラリとして採用され、開発効率の向上やユーザー体験の最適化に貢献しています。"
Vue Test Utils,1,Adopt,Tools,FALSE,"Vue Test UtilsはVueコンポーネントのテストを効率化する公式ライブラリで、レンダリング、イベント処理、状態管理の検証をシンプルなAPIで実現します。ユニットテストや統合テストに適用でき、コンポーネントの正確な動作確認や回帰検出に有用です。

プロジェクトでの利用状況
ユーザーインターフェイスの動作確認、エラーパスや状態変化の検証を通じ、リファクタリングや機能追加時の品質確保、迅速な問題検出と解決のために活用されています。"
C#,1,Adopt,languages-and-frameworks,FALSE,"C#は、.NETフレームワークを基盤とした高水準の静的型付け言語で、オブジェクト指向や関数型プログラミングの特性を持ち、多様なアプリケーション開発に適しています。Windowsアプリ、Webサービス、UIツール、ゲーム開発などの分野で活用され、豊富なライブラリやツール群が開発効率やセキュリティ向上に寄与します。

プロジェクトでの利用状況
バックエンド開発用として、堅牢なサーバーサイド処理の実装に採用されています。"
Entity Framework,1,Adopt,languages-and-frameworks,FALSE,"Entity Frameworkは、.NET向けのORM（Object Relational Mapper）ライブラリで、リレーショナルデータベースとのオブジェクト連携を容易にします。SQLクエリの抽象化や、データモデルとデータベーススキーマの自動同期、マイグレーション機能を通じ、開発効率の向上とコードの保守性改善に寄与します。

プロジェクトでの利用状況
DB設計・開発や、システム更新時のマイグレーション作業を効率化するため、DBマイグレーションなどで活用されています。"
xUnit,1,Adopt,languages-and-frameworks,FALSE,"xUnitは、各種プログラミング言語に対応した単体テスト用フレームワーク群で、テストコードの記述、実行、結果検証を標準化する仕組みを提供します。こうした仕組みにより、コードの品質向上やバグの早期発見に寄与する自動テスト環境を構築できます。

プロジェクトでの利用状況
バックエンドの単体テストに採用され、継続的インテグレーションとの連携やリグレッション防止に活用されています。"
Microsoft Azure DevOps,1,Adopt,Platforms,FALSE,"Microsoft Azure DevOpsは、ソフトウェア開発の各プロセスを一元管理できる統合プラットフォームです。タスク管理、ソースコード管理、CI/CD、テストなど、開発ライフサイクル全体をカバーするツール群を提供し、チーム内の協働と透明性を向上させます。

プロジェクトでの利用状況
Boardsでタスク・リリースを管理し、Reposでソースコードを統括、Artifactsでパッケージ管理を実施。Pipelinesを用いた自動化された継続的インテグレーション・デリバリーと、TestPlansでの統合およびシナリオテストにより、安定した開発基盤を構築している。"
Microsoft Azure SQLDatabase,1,Adopt,Platforms,FALSE,"Microsoft Azure SQL Databaseは、フルマネージドなクラウドベースのリレーショナルデータベースサービスであり、運用負荷を軽減しつつ高いスケーラビリティと可用性、セキュリティを実現します。

プロジェクトでの利用状況
データベース構築、トランザクション処理、バックアップやリカバリー、自動スケーリング、パフォーマンス最適化など、業務システムの信頼性向上や柔軟なデータ連携のために活用されています。"
Microsoft Azure WebApps,1,Adopt,Platforms,FALSE,"Microsoft Azure WebAppsはMicrosoft Azure上で提供されるPaaS型Webアプリケーションホスティングサービスです。インフラ管理の手間を省き、迅速なデプロイや更新が可能で、アプリケーションのスケーラビリティやパフォーマンス、セキュリティを確保しながら運用できます。

プロジェクトでの利用状況
Webアプリケーションの構築・運用において、迅速なデプロイと高い信頼性を実現するために活用されています。"
Microsoft Azure Active Directory B2C,1,Adopt,Platforms,FALSE,"Microsoft Azure Active Directory B2Cは、外部顧客向けのアイデンティティ管理サービスで、カスタマイズ可能なユーザー認証、シングルサインオン、多要素認証を提供し、セキュアなアクセス制御を実現します。

プロジェクトでの利用状況
大規模な顧客認証基盤の構築により、ユーザーが安心して各種サービスを利用できる環境を整えるため、シームレスなログイン体験の提供や、不正アクセス防止に活用されています。"
Microsoft Azure Front Door,1,Adopt,Platforms,FALSE,"Microsoft Azure Front Doorは、グローバルなアプリケーション配信サービスで、ユーザーに近いエッジネットワークから動的・静的コンテンツを効率的に提供し、低遅延と高可用性を実現します。セキュリティ、ロードバランシング、キャッシング、SSL/TLS終端などの機能が統合され、スケーラブルなWebアプリケーションの高速配信を支援します。

プロジェクトでの利用状況
コンテンツ配信の信頼性向上と応答速度改善のために採用され、顧客サービスの品質向上に寄与しています。"
Datadog,1,Adopt,Platforms,FALSE,"Datadogはクラウド環境におけるインフラやアプリケーションの状態をリアルタイムで監視・分析するプラットフォームです。多数の統合機能を活用し、ログやメトリクス、トレース情報を収集、可視化し、問題の早期検知と迅速な対応を支援します。

プロジェクトでの利用状況　
ログ・メトリクスサービスの現場にて、システム全体のパフォーマンス監視や障害対応、改善策の評価など、運用管理の効率化を実現するために活用されています。"
Google Analytics,2,Adopt,Platforms,FALSE,"Google Analyticsはウェブサイトやアプリの訪問者動向、ユーザー行動、広告効果などを解析するツールです。アクセス解析の結果に基づいてサイト改善やマーケティング戦略の最適化、ユーザビリティの向上に活用され、データを根拠とした意思決定が可能になります。

プロジェクトでの利用状況
利用状況の詳細な解析やフロントエンドの稼働状況の収集により、改善点の迅速な特定と施策実行を支援しています。"
Trusteer,1,Adopt,Platforms,FALSE,"Trusteerは、金融機関向けに設計されたセキュリティソリューションで、マルウェアや不正取引といった脅威からオンライン取引を保護する役割を担います。高度な分析技術を用いることで、攻撃の兆候を早期に検知し、リアルタイムでの対策が可能となるため、安全な決済環境の維持に貢献します。

プロジェクトでの利用状況
マルウェア・不正取引の検知および対応を目的としたサービス構築において実装され、金融現場でのオンラインセキュリティ強化に寄与しています。"
Twillio,1,Adopt,Platforms,FALSE,"Twilioはクラウドベースの通信APIサービスで、SMS、音声通話、チャット、ビデオなどさまざまなコミュニケーション機能をプログラムから実装可能なツールです。迅速な統合と柔軟なカスタマイズにより、ユーザーとの双方向コミュニケーションやサービス自動化の実現が容易になります。

プロジェクトでの利用状況
一例として、音声通知サービスにおいて、TwilioのAPIを活用しリアルタイムな音声通知や自動応答システムが構築されています。"
Docker Desktop,1,Adopt,Tools,FALSE,"Docker Desktopはコンテナ技術を活用したローカル開発環境の構築・管理を支援するツールです。GUI操作によるシンプルな管理機能と、ホストOSとの統合により、アプリケーションの動作確認やデバッグ、依存関係の隔離が容易になります。

プロジェクトでの利用状況
各マイクロサービスの開発環境構築、単体テストや統合テスト、CI/CDパイプラインにおけるコンテナ検証など、安定した環境提供と効率的な開発プロセスの確保に実際の現場で活用されています。"
Microsoft Azure Data Explorer,1,Adopt,Tools,FALSE,"Microsoft Azure Data Explorerは、大量のストリーミングデータやログ情報を高速かつ効率的に解析できるクラウドベースのデータ探索サービスです。構造化・半構造化データを素早く取り込み、豊富なクエリ言語と直感的な操作性によりリアルタイム分析を実現します。

プロジェクトでの利用状況
Azure上に格納されたファイル操作のトレースログの参照や分析に活用され、システム監視やトラブルシュートの迅速化に寄与しています。"
Microsoft Azure Data Studio,1,Adopt,Tools,FALSE,"Microsoft Azure Data Studioは、クロスプラットフォーム対応のデータ管理ツールで、SQLクエリの実行やスクリプト管理、データのビジュアル化などを効率的に行える環境を提供し、開発者やデータエンジニアの生産性向上に貢献します。

プロジェクトでの利用状況
Azure上に構築されているDBのデータ操作に使用され、クエリ実行やパフォーマンス分析、トラブルシュートなど複雑なデータ管理業務の効率化を実現しています。"
SQLServer Manegement Studio,1,Adopt,Tools,FALSE,"SQL Server Management StudioはMicrosoftが提供する統合管理ツールで、SQL Serverのデータベース設計、クエリ実行、セキュリティ管理、バックアップなどの運用を一元的に行えます。直感的なGUIを活用し、複雑なSQL文の作成やパフォーマンスの分析、トラブルシューティングを効率的に実施可能です。

プロジェクトでの利用状況
ローカルDBでの動作環境構築時の管理や、Azure上に構築されたDBのデータ操作にも使用されています。"
Visual Studio,1,Adopt,Tools,FALSE,"Visual Studioは、多機能統合開発環境（IDE）として、C#、C++、VB.NETなど複数言語に対応し、コード編集、デバッグ、テスト、リファクタリング、バージョン管理の統合など一連の開発工程を効率化するために利用されます。

プロジェクトでの利用状況
Visual Studioは、バックエンド開発を中心にWebアプリケーションの設計、単体テストの自動化やデバッグ、リファクタリングを含むソフトウェア品質向上のためのツールとして、実務現場で広く採用されています。"
RubyMine,1,Adopt,Tools,FALSE,"RubyMineはRuby言語専用の統合開発環境で、充実したコード補完、デバッグ、テスト、リファクタリング機能を提供します。直感的なエディタとリアルタイムのエラー解析、効率的なコードナビゲーションにより、開発スピードと品質向上を実現。

プロジェクトでの利用状況
IDEとしての活用が進められ、複雑なWebアプリケーション開発において、コードの迅速な作成やバグ修正、テスト自動化といった多岐にわたる機能で現場開発を強力にサポートしています。"
Android Studio,1,Adopt,Tools,FALSE,"Android StudioはGoogleが公式に提供する統合開発環境(IDE)で、主にAndroidアプリケーションの企画、設計、実装、テスト、デバッグを一元的に行うために使用されます。豊富な機能群、例えばコードエディタ、ビルドシステム、エミュレータやデバッグツールなどにより、効率的な開発環境が実現されています。

プロジェクトでの利用状況
多様なアプリケーション開発において迅速なフィードバックと品質保証をサポートし、機能追加や不具合修正の円滑化に寄与しています。"
Microsoft Azure OpenAI ServiceMicrosoft ,1,Adopt,Platforms,FALSE,"Microsoft Azure OpenAI Serviceは、Microsoft Azure環境上でOpenAIの先進的な生成AIおよび自然言語処理機能を利用できるクラウドサービスです。高いセキュリティとスケーラビリティを備え、企業の業務自動化、データ解析、顧客対応など、多岐にわたる用途に柔軟に活用可能です。

プロジェクトでの利用状況
Azure上に構築された生成AIモデルを通じ、社外秘を含む独自データをもとに最適な回答や提案を生成する仕組みが、ナレッジマネジメントや業務改善、顧客サポートプロジェクトに導入されています。"
Microsoft Azure Cognitive Search,1,Adopt,Platforms,FALSE,"Microsoft Azure Cognitive Searchは、フルマネージドのクラウド検索サービスで、構造化・非構造化データを高速にインデックス化し、自然言語処理やAIベースの機能を活用して高度な検索体験を提供します。大規模データの取り扱いや機密情報の管理も容易で、セキュリティとスケーラビリティが確保されています。

プロジェクトでの利用状況
社外秘などの独自データをインデックスに蓄積し、クエリで検索するために利用され、業務情報の迅速な探索と価値創造に寄与しています。"
Microsoft Entra ID（旧 Azure Active Directory）,1,Adopt,Platforms,FALSE,"Microsoft Entra ID（旧: Azure Active Directory）は、クラウドベースのアイデンティティ管理とアクセス制御を行うプラットフォームです。企業内外のユーザーやデバイスの認証、シングルサインオン、マルチファクター認証を実現し、セキュリティと運用効率の向上に貢献します。

プロジェクトでの利用状況
アプリケーションのユーザー認証に利用し、Azure上で追加されたユーザーのみアクセスを許可しています。"
anycommu,1,Adopt,Tools,FALSE,"anycommuは、遠隔地のメンバーとの円滑なコミュニケーションを支援するオンラインプラットフォームです。チャット、ファイル共有、タスク管理などの機能を統合し、チームの迅速な情報共有や意思決定をサポートします。

プロジェクトでの利用状況
ふりかえりの時にボードとして利用し、チーム全体での振り返りや課題整理に活用されています。"
LangChain,1,Adopt,languages-and-frameworks,FALSE,"LangChainは、大規模言語モデル（LLM）を活用したアプリケーション開発のためのライブラリです。プロンプト生成や連鎖処理、外部データ連携などを効率化し、LLMの活用範囲を拡大します。

プロジェクトでの利用状況
ファイル取り込み（PDF、CSVなど）やベクトルストアの作成・検索、外部ツールとの統合を通じて、対話システムや情報検索、知識管理などアプリの核心処理の実装に利用されています。"
DALL.E,1,Adopt,Platforms,FALSE,"DALL.EはOpenAIが開発した画像生成AIで、ユーザが入力したテキストプロンプトから高品質な画像を自動生成するツールです。クリエイティブなイメージの具体化、広告やウェブコンテンツ、デザインの初期案作成など、視覚コンテンツの制作において幅広く活用されています。

プロジェクトでの利用状況
画像の生成に使用している。"
Microsoft Azure AI Document Intelligence,1,Adopt,Platforms,FALSE,"Microsoft Azure AI Document Intelligenceは、クラウド上で提供されるAIベースの文書解析ツールです。OCRや機械学習技術を活用し、書類内の文字情報抽出、内容分類、レイアウト解析などを自動化することで、手作業の負担を軽減し業務の効率化を図ります。

プロジェクトでの利用状況
画像やPDFなどのファイルから文字情報を読み込むOCRとして使用している。"
Microsoft Azure OpenAI Assistants,1,Adopt,Platforms,FALSE,"Microsoft Azure OpenAI Assistantsは、Microsoft Azure上で提供されるAIサービスで、高度な自然言語処理を実現し、チャットボットや自動応答システム、コード生成など多岐にわたる用途に対応します。高度なAIモデルを利用することで、テキスト分析や対話システム、コンテンツ生成など、従来手動で行っていた作業の自動化・効率化が可能になり、開発の生産性向上に貢献します。

プロジェクトでの利用状況
コード生成のために使用している。"
RAGAS,1,Adopt,languages-and-frameworks,FALSE,"RAGASはリトリーバル・オーグメンテッド生成技術を用いたツールで、生成AIによるチャット回答や出力の精度向上、評価に役立ちます。

プロジェクトでの利用状況
RAGASは実際の現場で、RAGを用いるチャット回答の精度を数値化し、生成AIの信頼性や応答品質の改善に貢献しています。"
Material UI,2,Adopt,languages-and-frameworks,FALSE,"Material UIは、React向けに設計された人気のUIコンポーネントライブラリで、モダンでレスポンシブなデザインの実装を容易にします。洗練されたデザイン基準に基づいてコンポーネントが整備されており、カスタマイズ性にも優れ、アプリケーションの視覚的統一感を確保できます。

プロジェクトでの利用状況
UI部品として利用してる。"
Microsoft Azure Queue Storage,1,Adopt,Platforms,FALSE,"Microsoft Azure Queue Storageは、信頼性の高いAzureのメッセージングサービスで、アプリケーション間の非同期通信や疎結合な設計を実現するために利用されます。大量のメッセージを安全に保管し、必要に応じて確実に処理を再開できる点が特徴です。

プロジェクトでの利用状況
Azure Functions上で実行される処理の呼び出しに使用され、タスクの分散と連携を円滑に行うための仕組みとして活用されています。"
